{"cameraMode":{"drawMode":0,"name":"Shaded","section":"Shading Mode"},"sceneLighting":false,"audioPlay":false,"sceneViewState":{"m_AlwaysRefresh":false,"showFog":false,"showSkybox":false,"showFlares":false,"showImageEffects":false,"showParticleSystems":false,"showVisualEffectGraphs":true,"m_FxEnabled":true},"in2DMode":false,"pivot":{"x":-3.8242735862731935,"y":3.9845356941223146,"z":-26.73029136657715},"rotation":{"x":0.008158291690051556,"y":0.9991262555122376,"z":0.0248841792345047,"w":-0.040878381580114368},"size":16.399539947509767,"orthographic":false}