{"cameraMode":{"drawMode":0,"name":"Shaded","section":"Shading Mode"},"sceneLighting":true,"audioPlay":false,"sceneViewState":{"m_AlwaysRefresh":false,"showFog":true,"showSkybox":true,"showFlares":true,"showImageEffects":true,"showParticleSystems":true,"showVisualEffectGraphs":true,"m_FxEnabled":true},"in2DMode":false,"pivot":{"x":9.638786315917969,"y":1.9311929941177369,"z":2.460587739944458},"rotation":{"x":0.027487780898809434,"y":0.7074947357177734,"z":-0.016434114426374437,"w":0.7062425017356873},"size":16.958812713623048,"orthographic":false}