{"cameraMode":{"drawMode":0,"name":"Shaded","section":"Shading Mode"},"sceneLighting":false,"audioPlay":false,"sceneViewState":{"m_AlwaysRefresh":false,"showFog":false,"showSkybox":false,"showFlares":false,"showImageEffects":false,"showParticleSystems":false,"showVisualEffectGraphs":true,"m_FxEnabled":true},"in2DMode":false,"pivot":{"x":0.17157281935214997,"y":-1.245391845703125,"z":-2.504835367202759},"rotation":{"x":-0.0018496615812182427,"y":-0.9480403065681458,"z":0.318795770406723,"w":0.014669349417090416},"size":3.6745145320892336,"orthographic":false}