{"cameraMode":{"drawMode":0,"name":"Shaded","section":"Shading Mode"},"sceneLighting":true,"audioPlay":false,"sceneViewState":{"m_AlwaysRefresh":false,"showFog":true,"showSkybox":false,"showFlares":true,"showImageEffects":true,"showParticleSystems":true,"showVisualEffectGraphs":true,"m_FxEnabled":true},"in2DMode":false,"pivot":{"x":3.503190040588379,"y":0.3905804455280304,"z":5.925198078155518},"rotation":{"x":0.005335399881005287,"y":0.9796368479728699,"z":0.032383136451244357,"w":0.20018897950649262},"size":3.325234889984131,"orthographic":false}